{"MedInc":5.2783,"HouseAge":12.0,"AveRooms":4.4660194175,"AveBedrms":0.9805825243,"Population":405.0,"AveOccup":3.932038835,"Latitude":34.16,"Longitude":-119.18}